-33.393523,-70.577291,Vitacura Nº 5579
-33.39759,-70.582591,Pio XI 1615 Loc 6
-33.386375,-70.549718,Padre Hurtado N° 1287
-33.387468,-70.549181,Padre Hurtado N° 1183. A
-33.399524,-70.597765,Nueva Costanera N° 3885-3895
-33.39415,-70.572098,Manquehue Norte Nº 1337 Of 32 P.3
-33.38779,-70.594135,M. Escriba De Balaguer N° 5000
-33.392502,-70.580788,Luis Pasteur N° 5519
-33.391534,-70.562893,Geronimo De Alderete N° 1288
-33.399829,-70.591946,Eduardo De La Mariquina N° 3932
-33.385353,-70.569759,Carmen Fariña 6509
-33.385228,-70.555511,Av. Vitacura Nº 8111 - 8119
-33.387557,-70.566197,Av. Vitacura N° 6852
-33.398862,-70.58817,Av. Vitacura N° 4380, Loc 2
-33.385156,-70.555189,Av. Vitacura N° 4009
-33.385174,-70.555104,Av. Vitacura 8157
-33.388328,-70.567528,Av. Vitacura 6710, Local 4-8
-33.400259,-70.592268,Av. Vitacura 3920
-33.406045,-70.598362,Av. Vitacura 3303 Loc 1
-33.377165,-70.570639,Av. Santa Maria 6740
-33.393272,-70.597131,Av. Nueva Costanera 4177
-33.392323,-70.580917,Av. Luis Pastur 5515, Local 1
-33.388543,-70.577742,Av. Luis Pasteur N ° 5840 Loc. 101
-33.41441,-70.59656,Av. Isidora Goyenechea Nº 3280,
-33.413657,-70.603684,Av. I. Goyenechea N° 2800. Of.303
-33.364298,-70.503562,Av. Escriva De Balaguer N° 9471
-33.364406,-70.504013,Av. Costanera Sur M.E. De Belaguer Nº 9499 Loc. 6,
-33.664193,-70.930956,O´Higgins 1231
-33.649636,-70.930012,Manuel Rodriguez N° 02
-33.664175,-70.929669,Av. Bernardo O´Higgins 1132 
-33.663907,-70.928961,Av O´higgins 1101
-33.497423,-70.653144,Gran Av. J.M. Carrera 4780
-33.509644,-70.656856,Gran Avenida 6001 Local 1
-33.486722,-70.650891,El Llano Supbercaseaux N° 3397
-33.486758,-70.650912,El Llano Subercaseaux N° 3519
-33.507121,-70.639475,Departamental N° 518
-33.640741,-70.352586,Uno Sur Nº 225, San Jose de Maipo
-33.641348,-70.3525,Comercio 19909
-33.560261,-70.710286,Pte Jorge Alessandri 20040 Local Bs-122, Bs-126 Y Bs-130
-33.54329,-70.708676,General Velásquez N° 9981
-33.592101,-70.705157,Eyzaguirre N° 450
-33.589795,-70.704492,Eyzaguirre Esq. Colon
-33.594174,-70.706015,Eyzaguirre 599
-33.61017,-70.540985,Eyzaguirre 566
-33.609991,-70.54077,Eyzaguirre N° 702, Loc. 11
-33.594192,-70.706595,Covadonga 664
-33.631826,-70.726229,Calle San Jose De Nos N° 69
-33.728587,-70.747815,Av. L. Bernardo O´Higgins N° 04
-33.629075,-70.713311,Av. Jorge Alessandri N° 20040
-33.588973,-70.703762,Av. Eyzaguirre 574
-33.592351,-70.705222,Arturo Prat N° 599
-33.592887,-70.704366,Arturo Prat 573 sn Bernardo
-33.403877,-70.705737,Balmaceda 4168, Local 75
-33.397572,-70.68548,Av. Eduardo Frei Montalva 3092
-33.410344,-70.679944,Av. Eduardo Frei Montalva 1792
-33.400599,-70.744274,Av. Brasil N° 7073
-33.421896,-70.644797,Recoleta 901 L-1
-33.428093,-70.64853,Davila 727
-33.427358,-70.646428,Av. Recoleta N° 464
-33.401567,-70.643381,Av. Recoleta N° 2774
-33.405633,-70.643187,Av. Recoleta 2299
-33.42931,-70.647179,Av. Recoleta  286
-33.423347,-70.640012,Av. Peru N° 845, Recoleta
-33.436222,-70.680266,Matucana 775,  Quinta Normal
-33.367972,-70.732194,Reimundo Romo 393
-33.369012,-70.730821,Jose Francisco Vergara N° 491
-33.436026,-70.991695,Ruta 68 Km 17, Pronto Copec
-33.390746,-70.785869,Grupo N° 10, Aeropuerto Pudahuel
-33.427681,-70.82032,Av. Nueva Uno Nº 17580 
-33.611689,-70.57708,Santo Domingo N° 67
-33.608847,-70.576003,Concha y Toro 225
-33.555898,-70.561176,Camilo Henriquez Nº 4583
-33.607632,-70.573943,Av. Irarrazaval 0178
-33.605738,-70.576819,Av. Concha Y Toro Nº 555. Sev. Petrobras
-33.608722,-70.576046,Av. Concha Y Toro Nº 398
-33.572419,-70.58332,Av. Concha y Toro N° 3854
-33.591422,-70.57978,Av. Concha Y Toro N° 1820
-33.572401,-70.583385,Av. Concha Y Toro N 3955 Loc-7,8 Y 9
-33.572294,-70.583278,Av. Concha y Toro 4115
-33.609919,-70.575875,Av. Concha y Toro 194
-33.601073,-70.577355,Av. Concha Y Toro 1315
-33.600233,-70.577784,Av. Concha Y Toro 1086-88-90
-33.600948,-70.577699,Av. Concha y Toro 1050
-33.609508,-70.575939,Av. Concha y Toro  242
-33.569058,-70.554803,Av. Camilo Henriquez Nº 3296
-33.418296,-70.601731,Providencia Nº 2693 al 2699
-33.44505,-70.619906,Sta. Isabel N° 861. Loc. 02
-33.422451,-70.609606,Ricardo Lyon N° 62. Loc. 7. Esq. 11 Sept.
-33.423078,-70.611966,Providencia 2040
-33.435202,-70.635119,Pio Nono N° 1
-33.43778,-70.603748,Lyon N° 1848, Esq. Bilbao
-33.41921,-70.601152,Hernando De Aguirre N° 136
-33.442776,-70.595766,El Aguilucho N° 3420
-33.423454,-70.62218,Calle Los Conquistadores N° 1700 Loc. 1
-33.422738,-70.608061,Coyancura 2283, Providencia
-33.421592,-70.607546,Av. Suecia 113
-33.422344,-70.609799,Av. Ricardo Lyon N° 55, Loc. 5
-33.425908,-70.615099,Av. Providencia Nº 1760
-33.420696,-70.608147,Av. Providencia 2295
-33.42306,-70.611838,Av. Providencia 2076
-33.421717,-70.609821,Av. Providencia  2203
-33.422362,-70.610894,Av. Providencia  2140
-33.423257,-70.612353,Av. Providencia  2012
-33.425478,-70.614692,Av. Providencia  1819
-33.428325,-70.619176,Av. Providencia  1364
-33.436867,-70.632673,Av. Providencia 113
-33.436455,-70.632888,Av. Providencia  113
-33.433089,-70.61746,Av. Manuel Montt N° 569, Providencia
-33.437995,-70.615807,Av. Manuel Montt 1140
-33.430188,-70.602761,Av. Los Leones 1185, Providencia
-33.437583,-70.604285,Av. Francisco De Bilbao 2183
-33.441666,-70.626214,Av. Francisco Bilbao N° 445
-33.428039,-70.61746,Av. Antonio Varas  3, Providencia
-33.417956,-70.60819,Av. Andres Bello 2447, Jumbo
-33.417419,-70.608254,Av. Andres Bello 2447, Providencia
-33.420428,-70.606345,Av. 11 De Septiembre 2357
-33.429006,-70.618962,Av. 11 De Septiembre 1355, Providencia
-33.421645,-70.607761,Av. 11 De Septiembre  2275, Providencia
-33.487384,-70.558837,Tobalaba N° 12175 Loc.101
-33.487438,-70.557657,NuevSanchez Fontecilla Nº 12000, Local 1041o Titulo
-33.484055,-70.558473,Av. Tobalaba N° 11855 Peñalolen
-33.489943,-70.577956,Av. Quilin N° 5273, Peñalolen
-33.47593,-70.543753,Av. Grecia N° 8535, Peñalolen
-33.475626,-70.543563,Av. Grecia 8585 Loc. 12
-33.469218,-70.574544,Av. Grecia 5791, Peñalolen
-33.482892,-70.546456,Av. Consistorial Nº 2701, Peñalolen
-33.489048,-70.549997,Av. Consistorial 3503, Peñalolen
-33.608436,-70.900057,21 De Mayo Nº 4436, Peñaflor
-33.480172,-70.676061,Quiapo 3055, Pedro Aguirre Cerda
-33.808767,-70.737278,Av. 18 De Septiembre 311, Paine
-33.464116,-70.59847,Jose Pedro Alessandri 1027, Ñuñoa
-33.453089,-70.571519,Irarrazaval  5673, Ñuñoa
-33.442669,-70.572871,Av. Ossa 1220 Ñuñoa
-33.465226,-70.615271,Av. Marathon 1315
-33.464886,-70.597998,Av. Jose Pedro Alessandri Nº 1166
-33.458083,-70.598212,Av. Jose Pedro Alessandri N° 331 - 333
-33.456132,-70.614498,Av. Jose Domingo Cañas 1701
-33.454091,-70.578407,Av. Irarrazaval Nº 4949, Ñuñoa
-33.455255,-70.58626,Av. Irarrazaval Nº 4123, Ñuñoa
-33.452587,-70.629197,Av. Irarrazaval N° 099, Ñuñoa
-33.453268,-70.571133,Av. Irarrazaval 5701, Ñuñoa
-33.453339,-70.572077,Av. Irarrazaval 5580
-33.455022,-70.592376,Av. Irarrazaval 3665 Piso 1
-33.454234,-70.603019,Av. Irarrázaval 2710, Ñuñoa
-33.680318,-71.216408,Vicuña Mackenna N° 680, Melipilla
-33.683979,-71.21364,Serrano N 323 Loc 4 Mall Leyan
-33.685693,-71.213961,Serrano 501, Melipilla
-33.682836,-71.213833,Serrano 210, Melipilla
-33.686228,-71.21527,Av. Ortuzar 548, Melipilla
-33.513401,-71.121415,Francisco Costabal 150, Maria Pinto
-33.505994,-70.614177,Vickuña Mackenna Nº 5700
-33.480368,-70.599156,Av. Macul N° 2906
-33.283311,-70.878449,Baquedano Nº 739, Lampa
-33.287562,-70.871561,Arturo Pratt 1221, Lampa
-33.605452,-70.626794,Santa Rosa 13015
-33.362417,-70.515021,Av. La Dehesa  N° 457
-33.753853,-70.901945,Santelices 615, Isla de Maipo
-33.224759,-70.685203,San Martin N° 19000
-33.20266,-70.674816,Fontt 146
-33.284835,-70.678531,Camino A Chicureo Km 2,2
-33.27888,-70.678534,Paseo Colina Sur N° 14500 Loc. 101, Chicureo
-33.208801,-70.668143,Av. Colina N° 700
-33.277732,-70.629651,Av. Chicureo S/N Mall Piedra Roja
-33.208818,-70.678001,Carretera San Martin Km 27. Pdero 26
-33.429364,-70.736142,Jose J. Perez N° 7262
-33.412762,-70.71962,Av. Carrascal N° 6680
-33.512774,-70.719694,Av. Vespucio N° 1501 Loc. C
-33.488637,-70.700951,Av. Pedro Aguirre Cerda Nº 5500
-33.493415,-70.7049,Av. Pedro Aguirre Cerda 6049
-33.488655,-70.700909,Av. Pedro Aguirre Cerda 5500
-33.515279,-70.717155,Av. Americo Vespucio Sur 1501
-33.629771,-70.761526,Calera De Tango N° 345,
-33.725268,-70.741313,Jose Joaquin Perez 302
-33.73287,-70.739747,Supermercado Buin
-33.453751,-70.604671,Av. Irarrazaval 2525
-33.46886,-70.575596,Av. Grecia 5632-34
-33.444549,-70.599178,Av. General Jose Artigas N° 2851-95 Loc. 02
-33.448971,-70.598019,Av. Chile España 597
-33.446053,-70.611237,Av. Antonio Varas 2108
-33.421789,-70.580338,Av. Americo Vespucio Sur  925
-33.491035,-70.775817,Ingeniero Dominguez N° 666
-33.580392,-70.828195,Camino Melipilla N° 9978
-33.550891,-70.791803,Camino A Melipilla N° 18400
-33.538229,-70.773435,Camino A Melipilla 16860
-33.565482,-70.789743,Calle Arturo Prat 851 A
-33.51612,-70.766676,Caletera Americo Vespucio N° 51. Loc. 126-127
-33.509876,-70.772448,Av. Ramon Freire 5100
-33.50993,-70.778006,Av. Ramon Freire 1924
-33.558598,-70.788094,Av. Parque Central 
-33.483608,-70.746549,Av. Pajaritos Nº 3333
-33.4835,-70.746377,Av. Pajaritos N° 5200.Paradero 9
-33.4835,-70.746399,Av. Pajaritos N° 2664
-33.483429,-70.74657,Av. Pajaritos N° 2100
-33.483465,-70.746463,Av. Pajaritos N° 1948 Piso 2
-33.483626,-70.74642,Av. Pajaritos
-33.483429,-70.746549,Av. Pajaritos 4444
-33.483483,-70.746549,Av. Pajaritos 2222
-33.510252,-70.75805,Av. 5 De Abril 81
-33.483447,-70.746463,Av . Pajaritos Nº 1912
-33.485576,-70.751549,Americo Vespucio N° 1001
-33.519948,-70.755497,Alberto Llona 777
-33.51027,-70.759638,5 De Abril 180
-33.510198,-70.757964,05 De Abril N° 70
-33.443886,-70.722967,San Pablo N° 6183
-33.443922,-70.724147,Av. San Pablo N 6256
-33.533471,-70.699557,Av. Lo Espejo N° 2700
-33.354638,-70.53208,Santa Blanca 1996
-33.355427,-70.518497,Los Cactus 1947
-33.351089,-70.510558,El Rodeo 13442
-33.357739,-70.508047,Cuatro Vientos N° 13660
-33.359728,-70.516458,Av. La Dehesa
-33.359585,-70.516394,Av. La Dehesa N° 1445
-33.352165,-70.51869,Av. La Dehesa 2035, Local 1 Y 1A
-33.352111,-70.518797,Av. La Dehesa 2035
-33.355821,-70.517252,Av. La Dehesa  N° 1751
-33.408803,-70.564207,Av. Camino Los Trapenses N° 3515
-33.414356,-70.565554,Martin De Zamora 6089
-33.408033,-70.551906,Tomas Moro N° 20
-33.41441,-70.600379,San Sebastian N° 2910
-33.403071,-70.508669,San Carlos De Apoquindo 2200
-33.403913,-70.573085,Rosario Norte N° 555
-33.408678,-70.544439,Patagonia N° 19
-33.435112,-70.537208,Padre Hurtado N° 1621
-33.407424,-70.544868,Metro Los Dominicos Loc. 4
-33.424099,-70.592762,Martin De Zamora N° 2911
-33.388704,-70.574548,Manquehue Norte 330
-33.412619,-70.583428,Los Militares N° 4500
-33.383382,-70.530213,Lo Fontecilla
-33.383382,-70.530256,Lo Fontecilla N° 441
-33.35238,-70.518669,La Dehesa 
-33.388453,-70.54534,Kennedy
-33.388274,-70.545362,Kennedy N° 9001
-33.413604,-70.593449,Isidora Goyenechea N° 3621
-33.415717,-70.591925,Gertrudis Echeñique 49
-33.413174,-70.581818,Evaristo Lillo N° 29
-33.415896,-70.596238,El Regidor N° 54
-33.421699,-70.598405,El Bosque 190
-33.414732,-70.601259,El Bosque  Norte
-33.403465,-70.579587,Cerro Colorado N° 5240
-33.401101,-70.523303,Camino El Alba 11101
-33.409932,-70.576433,Calle La Gloria N° 32
-33.405024,-70.577634,Av. Presidente Riesco N° 5296
-33.391964,-70.554202,Av. Presidente Kennedy
-33.433053,-70.538045,Av. Padre Hurtado N° 2650
-33.393684,-70.545684,Av. Padre Hurtado  40
-33.423956,-70.564352,Av. Manquehue Sur 1567
-33.417078,-70.5527,Av. Los Dominicos N° 7554
-33.392197,-70.543753,Av. Las Condes N° 9050
-33.378222,-70.528754,Av. Las Condes N° 11121
-33.370571,-70.51236,Av. Las Condes numero 12916
-33.371252,-70.514398,Av. Las Condes 12751
-33.372112,-70.517274,Av. Las Condes 12340
-33.376412,-70.528389,Av. Las Condes 12.145
-33.376699,-70.528239,Av. Las Condes 
-33.376645,-70.528239,Av. Las Condes 11336
-33.379763,-70.530256,Av. Las Condes 11049
-33.397751,-70.551477,Av. Las Condes  8231
-33.493934,-70.748201,Av. Kennedy N° 5601
-33.494041,-70.748351,Av. Kennedy N° 5413
-33.493397,-70.748437,Av. Kennedy 
-33.41629,-70.554653,Av. Kennedy 5741
-33.416434,-70.554438,Av. Iv Centenario 933
-33.431047,-70.576969,Av. Francisco Bilbao Nº 4144
-33.383687,-70.533753,Av. Estoril 100
-33.414338,-70.591818,Av. El Golf N° 125
-33.417007,-70.600036,Av. El Bosque Norte 058
-33.414517,-70.601452,Av. El Bosque Norte 0198
-33.416129,-70.554524,Av. Cuarto Centenario N° 914
-33.417096,-70.559052,Av. Colon 6720
-33.41638,-70.564953,Av. Colon 6084
-33.416362,-70.564867,Av. Colon 6071
-33.400546,-70.514313,Av. Camino El Alba 11969
-33.415538,-70.591431,Av. Apoquindo N°3365.Loc.2 
-33.415574,-70.591238,Av. Apoquindo N° 9085
-33.415556,-70.591474,Av. Apoquindo N° 9070
-33.416058,-70.5948,Av. Apoquindo N° 3400
-33.416237,-70.595744,Av. Apoquindo N° 3300
-33.408893,-70.567935,Av. Apoquindo 6005
-33.409072,-70.570532,Av. Apoquindo 5710
-33.417831,-70.601109,Av. Apoquindo 2705
-33.415305,-70.606581,Av. Andres Bello 2607
-33.428504,-70.574952,Av. Americo Vespucio Sur 1816
-33.425693,-70.577055,Av. Americo Vespucio Sur 1463
-33.410218,-70.573858,Apoquindo N° 5240
-33.416129,-70.595337,Apoquindo N° 3337
-33.410935,-70.576583,Apoquindo  N° 5020  Y  5024
-33.411902,-70.577398,Aponquindo N° 4400
-33.538801,-70.652822,Americo Vespucio 1040 Local13
-33.423418,-70.539804,Alexander Fleming N° 8898 
-33.43864,-70.557078,Principe De Gales N° 7215
-33.441057,-70.54328,Carlos Ossandon N° 1301
-33.4383,-70.558966,Av. Principe De Gales 7056
-33.452283,-70.562271,Av. Larrain 6563
-33.428433,-70.540534,Av. Francisco Bilbao Nº 8750
-33.546384,-70.587977,Vicuña Mackena 9779
-33.526191,-70.594071,Vicente Valdes N° 85
-33.519966,-70.599242,Serafin  Zamora 190
-33.553144,-70.601774,Santa Raquel 10390 
-33.543326,-70.564974,Santa Amalia N° 1763
-33.553198,-70.588706,San Jose De La Estrella N° 1189
-33.534634,-70.552014,Rojas Magallanes 3638
-33.527613,-70.579253,Geronimo De Alderete 1622
-33.510323,-70.608769,Cabildo N° 166
-33.510538,-70.608619,Av. Vicuña Mackenna Oriente 
-33.51027,-70.608769,Av. Vicuña Mackenna Oriente 6100
-33.507675,-70.614005,Av. Vicuña Mackenna 7304 
-33.483966,-70.620657,Av. Vicuña Mackenna 10373 
-33.484127,-70.620528,Av. Vic. Mackenna Oriente. 7385
-33.507729,-70.613919,Avenida  Vic. Mackenna Norte
-33.507675,-70.613876,Av. Vic. Mackenna Norte
-33.517211,-70.600217,Av. Vic. Mackenna Norte. 7110
-33.547547,-70.568193,Av. La Florida 9871
-33.53966,-70.571776,Av. La Florida 9385
-33.538265,-70.572012,Av. La Florida 1280
-33.53873,-70.571991,Av. La Florida  9363
-33.52519,-70.601624,Av. Americo Vespucio 7310
-33.537836,-70.664903,Gran Av. N° 8877
-33.532774,-70.663336,Gran Av. J.M. Carrera 8501
-33.517032,-70.65883,Gran Av. J.M. Carrera 6567
-33.517873,-70.659066,Gran Av. J.M. Carrera  6651
-33.531987,-70.6631,Gran Av. J M Carerra 8445
-33.42075,-70.653144,Sergio Livingston N° 964
-33.420589,-70.652929,Santos Dumont 
-33.420553,-70.652972,Santos Dumont 999
-33.41912,-70.65293,Calle Sergio Livingstone Nº 943
-33.417669,-70.650419,Av. La Paz 1090
-33.419837,-70.656105,Av. Independencia N° 902
-33.419819,-70.655847,Av. Independencia 932 
-33.41964,-70.663293,Av. Fermin Vivaceta 975
-33.348168,-70.670567,Strip Center Ciudad Empresarial
-33.348706,-70.670374,Av. Pedro Fontova Nº 7626
-33.347451,-70.67046,Av. Pedro Fontova N° 7777 Loc. 2
-33.365625,-70.670503,Av. Pedro  Fontova N° 6251 Loc. 3
-33.398253,-70.587655,Av. Americo Vespucio Norte 1737
-33.398199,-70.587591,Av. Americo Vespucio Norte
-33.398235,-70.587698,Av. Americo Vespucio Norte 1731
-33.450063,-70.673979,Union Americana N° 40
-33.457976,-70.680548,San Francisco De Borja N° 402
-33.451173,-70.67782,Exposicion 40 L-113-115
-33.448147,-70.670632,Av. Libertador Bernardo O´Higgins N° 3.470
-33.44795,-70.670482,Av. Libertador B. O´higging N° 3299 
-33.448291,-70.670482,Av. Lib. Bernardo O´Higgins N° 3470
-33.448273,-70.670546,Av. Lib. Bernardo O´Higgins 3850
-33.448183,-70.670567,Av. Lib. Bernardo O´Higgins 3307
-33.440484,-70.64072,Av. Lib. Bernardo O´Higgins 3002
-33.553627,-70.675052,Jose Miguel Carrera N° 10375
-33.553573,-70.67488,Gran Av. N° 10375, Paradero 31
-33.555576,-70.676554,Gran Av. J.M. Carrera 10525
-33.559993,-70.680727,Av. Jose Miguel Carrera N° 9501
-33.37376,-70.686124,Independencia 5784
-33.39424,-70.6578,El Guanaco 3100
-33.476288,-70.577784,Av. Vespucio Sur N° 2982
-33.384422,-70.68003,Farmacia Cruz Verde Avda. Independencia
-33.38091,-70.682797,Av. Independencia  5173
-33.380677,-70.682906,Avda Independencia
-33.482427,-70.620893,Vicuña Mackenna N° 3350
-33.45017,-70.631364,Vicuña Mackenna 699
-33.443868,-70.65426,Cruz Verde Teatinos
-33.440753,-70.654977,Teatinos
-33.473138,-70.626214,Santa Elena 2310
-33.438604,-70.658229,San Martin
-33.47235,-70.648423,San Diego
-33.439965,-70.647994,San Antonio
-33.435757,-70.661898,Atento Rosas
-33.436111,-70.651409,Puente Santo Domingo
-33.434235,-70.651683,Puente
-33.437718,-70.649812,Portal Bulnes N° 445
-33.445157,-70.654,Nataniel Cox 27
-33.436397,-70.643217,Monjitas 390
-33.441805,-70.65032,Moneda 975
-33.44167,-70.648678,Moneda 864
-33.439079,-70.645492,Miraflores esq. Huerfanos
-33.440426,-70.645234,Miraflores
-33.442131,-70.64943,Suc Miguel Cruchaga
-33.443868,-70.650503,Metro U de Chile
-33.437834,-70.645508,Sucursal Merced
-33.456799,-70.705654,Cruz Verd Las Rejas
-33.439719,-70.652777,Huerfanos 1134
-33.439352,-70.648646,Sucursal Huerfanos 835
-33.439195,-70.647498,Suc Nova huerfanos
-33.439902,-70.654643,Sucursal Huerfanos 1263
-33.439759,-70.652991,Servipag
-33.439302,-70.64826,Cruz Verde Huerfanos 86
-33.439938,-70.654764,Edificio Codelco
-33.439804,-70.653754,Cruz Verde Huerfanos
-33.439754,-70.652787,Huerfanos Sucursal
-33.439705,-70.652315,Huerfanos Sucursal bci
-33.439052,-70.646355,Suc Huerfanos 669
-33.451983,-70.666735,AIEP Grajales
-33.442436,-70.64907,Sucursal Bci Nova Estado
-33.44236,-70.649118,Salco Brand Estado 54
-33.438805,-70.649612,Cruz Verde Estado 397
-33.440477,-70.649359,Cruz Verde Estado 201
-33.440506,-70.649381,Estado  201
-33.449893,-70.653254,Eleuterio Ramirez N° 1320
-33.442883,-70.640536,Atento
-33.435,-70.679218,Chacabuco N° 848
-33.437274,-70.65128,Catedral 1009 
-33.440744,-70.664965,Bulnes 216
33.440869,-70.664944,Brasil N° 303
-33.458954,-70.62869,Beauchef 1453
-33.459005,-70.62868,Atento Chile
-33.459686,-70.649569,Av. Matta N° 1132
-33.447431,-70.670298,Av. Lib. Bernardo O´Higgins N° 799
-33.448255,-70.670503,Av. Lib. Bernardo O´Higgins N° 4
-33.448165,-70.670653,Av. Lib. Bernardo O´Higgins 2295
-33.448255,-70.670567,Clinica Alameda
-33.440198,-70.640205,Cruz Verde Bdo Ohiggins
-33.440538,-70.640214,Av. Lib. Bernardo O´Higgins   20
-33.442991,-70.649012,Av. Lib. Bdo O´Higgins  658
-33.443179,-70.649248,Sucursal Bernardo Ohiggins
-33.457788,-70.663903,Movistar Arena
-33.446963,-70.664814,Avda Apoquindo 6832
-33.447073,-70.664817,Av. Almirante Latorre
-33.454064,-70.650384,Sucursal Diez de Julio
-33.416514,-70.667647,Amunategui 178
-33.439696,-70.656822,Amunategui
-33.442028,-70.655571,Almirante Gotuzzo
-33.449311,-70.677207,Telecanal
-33.438335,-70.651243,Bci Nova Ahumada
-33.438121,-70.651162,Salco Brand Ahumada
-33.438855,-70.6512,Salco Brand
-33.439307,-70.651038,Farmacia Cruz Verde 2
-33.441241,-70.650765,Farmacia Salco Brand
-33.440475,-70.652921,Sucursal Centro
-33.440896,-70.652578,Farmacia Cruz Verde 1
-33.439822,-70.645771,Sucursal Agustinas
-33.440784,-70.651854,Sucursal Nova Bci
-33.413693,-70.583961,Farmacia Salcobrand
-32.786373,-71.189865,Jose Joaquin Perez 244 
-32.786661,-71.189972,Jose Joaquin Perez 
-32.786715,-71.189671,Jose Joaquin Perez 202
-26.389928,-70.047329,Pedro Aguirre Cerda 1305
-26.346528,-70.622576,Freire 613
-28.576043,-70.759359,Prat N° 1015
-28.576212,-70.759145,Arturo Prat Nº 1040
-28.575854,-70.759445,Arturo Prat N 1015
-28.576495,-70.758544,Arturo Prat 1101
-28.576024,-70.759338,Arturo Prat 1002
-29.901508,-71.251255,Los Carrera 380 
-29.903086,-71.248532,Gregorio Cordovez N  601
-29.902587,-71.247822,El Cordovez 675
-29.902754,-71.24876,El Cordovez 588
-29.902568,-71.247092,Cienfuegos N  491
-29.902159,-71.24986,Balmaceda N 458
-29.912575,-71.251298,Balmaceda 1397
-29.901508,-71.248315,Arturo Prat 614
-29.909543,-71.255439,Amunategui 107
-29.907481,-71.25838,Alberto Solari 1400 
-20.214201,-70.148695,Vivar 706
-20.213516,-70.149961,Tarapaca N° 521
-20.213335,-70.148481,Tarapaca 671
-20.213456,-70.149833,Tarapaca 538
-20.213496,-70.150283,Tarapaca 496
-20.213294,-70.151249,Tarapaca 404
-20.237577,-70.143996,Tadeo Haenke 1690
-20.212348,-70.140155,Plaza Prat N 650
-20.217986,-70.145394,Manzana N° 1 Galpon 7 Y 8
-20.229604,-70.141056,Heroes De La Concepcion N° 2311
-20.256541,-70.132967,Bilbao N 3545
-20.21555,-70.148738,Av. Vivar 854
-20.214644,-70.148502,Av. Vivar 761
-20.21418,-70.148502,Av. Vivar 685
-20.213798,-70.148416,Av. Vivar 647
-20.270893,-70.102712,Av. La Pampa N 3121 
-20.247019,-70.13861,Av. Arturo Prat 3068 
-20.232785,-70.145992,Av. Arturo Prat 2755
-20.218248,-70.154875,Arturo Prat N 1170
-20.21261,-70.152772,Anibal Pinto N 601
-27.352425,-70.34587,Aldunate  890
-27.365717,-70.32749,Salas N 747
-27.365708,-70.333725,O´Higgins 500
-27.365803,-70.334669,Maipu 355
-27.3816,-70.316654,Copallapu N 2406
-27.366051,-70.331493,Colipi N 484
-27.366184,-70.331236,Colipí 484 
-27.365536,-70.332909,Chacabuco 449
-27.365898,-70.333317,Chacabuco 393
-27.381562,-70.316687,Av. Copayapu 2406 
-27.366813,-70.334326,Atacama  N  577
-22.462219,-68.926037,Sotomayor N 2041
-22.46208,-68.925651,Sotomayor  2002
-22.462377,-68.929299,Sotomayor 228
-22.450915,-68.918012,Nueva Poniente 2692
-22.460375,-68.925908,Latorre 1987
-22.46086,-68.925789,Latorre 1965
-22.451213,-68.92902,Granaderos 
-22.461882,-68.934415,Eleuterio Ramirez N° 229
-22.461594,-68.925488,Eleuterio Ramirez 
-22.441832,-68.910159,Rodomiro Tomic
-22.44205,-68.909965,Radomiro Tomic Casino Central
-23.62754,-68.304852,Camino A Salar De Atacama, Km. 273
-23.630685,-68.304852,Camino A Salar De Atacama, Km. 230
-22.442546,-68.900696,Camino A Chiu-Chiu Km. 85
-22.484029,-68.928226,Av. Ohiggins 155
-22.443855,-68.907519,Av. Grau N° 803
-22.451391,-68.906275,Av. Chorrillos N° 1749
-22.45151,-68.905996,Av. Chorrillos 689
-22.449071,-68.920587,Avenida Balmaceda 3242
-22.44915,-68.920608,Av. Balmaceda  3242, Local 115
-22.452303,-68.929191,Av. Alonso De Ercilla 
-22.452744,-68.929066,Av. Alonso De Ercilla N° 2198/92
-22.45966,-68.925783,Almirante Latorre N° 1997-99 Esq.R. Vargas 
-18.470797,-70.305851,Diego Portales N° 749
-18.476373,-70.321644,Bolognesi 361
-18.477594,-70.320292,Bolognesi 221
-18.461109,-70.296861,Av. Sta. Maria N° 2985
-18.478266,-70.318511,Av. Colon N° 598, Esq. Maipu
-18.478571,-70.318254,21 De Mayo N° 399
-18.479283,-70.317288,21 De Mayo 486
-18.477798,-70.318919,21 De Mayo 298
-18.477696,-70.318962,21 De Mayo 289
-23.645212,-70.398076,Washington 2683
-23.575473,-70.390447,Pedro Aguirre Cerda N° 9400
-23.647984,-70.396682,Paseo Prat 553
-23.65392,-70.40181,Matta N° 1919
-23.650067,-70.397175,Matta 2441
-23.649517,-70.396188,Manuel Antonio Matta 2566
-23.649812,-70.396574,Manuel Antonio Matta 2503
-23.649792,-70.396767,Manuel Antonio Matta 2490
-23.649694,-70.396832,Manuel Antonio Matta 2483
-23.654205,-70.401959,Coquimbo 712 
-23.647984,-70.400318,Cardenal Carlos Oviedo N° 5319 Loc.8
-23.44427,-70.440916,Base Aerea Cerro Moreno
-23.64592,-70.40093,Av.Balmaceda 
-23.646156,-70.400823,Av.Balmaceda N° 2355
-23.612127,-70.388549,Av. Septimo De Linea Nº 3505
-23.612618,-70.38842,Av. Pedro Aguirre Cerda N° 6259
-23.661034,-70.401359,Av. O´Higgins 1486
-23.656298,-70.389558,Av. Chorrillo Nº 1677
-23.621564,-70.38976,Av. Balmaceda 
-23.646038,-70.400909,Av. Balmaceda N° 2355
-23.662332,-70.40196,Av. Angamos
-23.662233,-70.401896,Av. Angamos N° 01455
-23.648554,-70.396317,Arturo Prat N° 640
-23.648318,-70.396617,Arturo Prat N° 582-598
-23.648711,-70.396231,Arturo Prat 656
-23.6743,-70.407861,Angamos N° 415
-33.609937,-71.613782,Providencia 102
-33.609955,-71.615177,Providencia 
-34.166328,-70.745626,San Martin 147
-32.83905,-71.229218,Calle 21 De Mayo 3594
-34.408521,-70.860725,Condell  57
-32.785687,-71.189907,Prolongacion J.J Perez N° 12010
-34.407671,-70.860253,Arturo Prat 54
-34.406591,-70.85976,Arturo Prat 140
-34.44015,-71.07361,German Riesco N° 1001
-34.640058,-71.373552,Rafael Casanova 199
-34.173252,-70.748158,Millan 886
-34.173163,-70.749467,Millan 1020
-34.169488,-70.742987,Independencia  572
-34.169577,-70.742794,Independencia 548
-34.169027,-70.746184,Independencia 798
-34.169524,-70.743309,Independencia 602
-34.166293,-70.751162,Dr. Salinas 1165
-34.181418,-70.72816,Carretera El Cobre 340
-34.182856,-70.725563,Carretera Del Cobre 750
-34.186228,-70.719984,Camino El Cobre 1002
-34.169586,-70.743297,Calle Independencia 591 
-34.17011,-70.74494,Bueras 470
-34.168778,-70.747493,Brasil 901
-34.291314,-71.309856,Plaza De Armas N° 286
-34.291314,-71.309856,Plaza De Armas N° 276
-34.173181,-70.718568,Av. M. Ramirez 665
-34.291367,-71.309813,Plaza De Armas N° 186
-32.784749,-71.526879,Cabo Ortiz 189
-33.047702,-71.443086,Los Carreras 721
-33.045958,-71.442529,Claudio Vicuña 791
-33.046048,-71.442443,Claudio Vicuña 799
-33.046264,-71.441885,Claudio Vicuña 898
-33.045994,-71.442421,Claudio Vicuña 806
-33.045958,-71.442593,Claudio Vicuña 790
-32.879029,-71.246813,O´Higgins 198
-32.877948,-71.246663,O´Higgins 102
-32.878506,-71.246856,O´Higgins 157
-32.877912,-71.24677,OHiggins 102
-32.881281,-71.260031,Chacabuco 281
-34.638293,-71.365398,Plaza De Armas 98 
-33.637418,-71.623288,Av. El Golf N° 5
-33.484073,-70.620571,Av. V. Mackenna Nº 5705, Esq.Calle Estadio Nº 5765
-33.484127,-70.620657,Av. Vicuña Mackenna Nº 4917
-32.45039,-71.234519,Moisés Chacón Nº 140
-32.732635,-71.200517,Ruta 5 Norte Km.104
-33.045724,-71.404034,Freire Nº 471
-32.896074,-71.246749,Av. Ramon Freire
-33.042702,-71.420323,Av. Ramon Freire Nº 2411
-32.426376,-71.067255,Av. Humeres 552
-33.614047,-71.615767,Av. Providencia N° 196 
-32.442712,-71.230724,Pedro Polanco Nº 277
-32.448525,-71.229111,Nuevo TOrtiz De Rosas N° 298,
-33.118072,-71.573882, Cardenal Samoré N° 2335 Loc. 1862
-32.937954,-71.516258,Magallanes 866 Loc 310
-32.950649,-71.54014,Los Ginkos Nº 5 Loc. 11 Al 13, Centro Comercial Bosques De Montemar
-32.950721,-71.540076,Av. Concon Reñaca Nº 3850
-33.318533,-71.406115,Chacabuco
-33.318623,-71.405901,Chacabuco 246
-33.322962,-71.405021,Av. Portales Esq.General Bonilla
-33.54651,-71.601595,Calle Cartagena 313
-33.3617,-71.669959,Carlos Alessandri 1870
-33.373975,-71.677945,Av. Ignacio Carrera Pinto  / Dr Guillermo Mucke Locales 10, 11 Y 12
-33.361682,-71.670045,Av. Carlos Alessandri N° 1915-1953
-33.580643,-71.613718,Ramon Barros Luco N° 105
-33.580142,-71.61153,Centenario 102
-33.579963,-71.611079,Av. Centenario 145
-33.579999,-71.611401,Av. Centenario 120
-33.597481,-71.613203,Av. Barros Luco N° 1881 -Barrancas
-33.046371,-71.618203,Pedro Montt 1804
-33.03995,-71.627408,Prat 801
-33.037791,-71.628932,Plaza Sotomayor 160
-33.046443,-71.615371,Nueva Pedro Montt N° 2050
-33.041533,-71.624683,Esmeralda N° 1077
-33.046011,-71.620499,Condell N° 1586
-33.04567,-71.621507,Condell N° 1505
-33.044447,-71.623589,Condell 1302
-33.036838,-71.581596,Av. Valparaiso N° 896. Loc. 1
-33.046731,-71.608075,Av. Uruguay 375
-33.046857,-71.6055,Av. Pedro Montt N° 2867
-33.046785,-71.60786,Av. Pedro Montt 2705
-33.046875,-71.612667,Av. Pedro Montt 2248
-33.046551,-71.615199,Av. Pedro Montt 1902 Esq. Las Heras
-33.046245,-71.617023,Av. Pedro Montt 1898
-33.046299,-71.619447,Av. Independencia 1702
-33.044213,-71.617366,Av. Brasil
-33.042216,-71.605178,Av. Argentina Nº  51
-33.046277,-71.604124,Av. Argentina N° 251
-33.052455,-71.601913,Av. Argentina
-33.045058,-71.611766,Av Brasil N 2350
-33.036514,-71.352149,Latorre N° 13
-33.036478,-71.351956,Latorre 2
-33.036892,-71.581682,Av. Valparaiso Nº 664
-33.043907,-71.376482,Av. Valparaiso 885
-33.044246,-71.373832,Av. Valparaiso 691
-36.783168,-73.110801,Gran Bretaña N° 2910
-36.712347,-73.11421,Colon N° 236
-36.724761,-73.117101,Bilbao Con Valdivia
-36.799949,-73.07429,Av. Jorge Montt Base Naval
-36.742014,-73.098245,Av. Colon N° 3252 
-36.71264,-73.113695,Av. Colon N° 300
-36.714738,-73.110669,Av. Colon 640
-36.777083,-73.078762,Autopista Talcahiano N° 7001
-36.778802,-73.077839,Autopista Concepcion N° 9000
-35.322694,-72.408193,Vial N° 224
-35.427841,-71.652299,Uno Sur N° 1696
-35.427578,-71.654187,Uno Sur N° 1599
-35.427508,-71.655668,Uno Sur N° 1501B
-35.427474,-71.657041,Uno Sur N 1403
-35.427159,-71.65983,Uno Sur N 1196
-35.426634,-71.666225,Uno Sur 732
-35.427421,-71.657942,Uno Sur 1335
-35.427299,-71.658607,Uno Sur 1298
-35.427281,-71.65869,Uno Sur 1289
-35.426931,-71.665259,Uno Oriente 1069
-35.425655,-71.662942,Uno Norte N° 963 
-35.426389,-71.655432,Uno Norte 1518
-35.428523,-71.67219,El Arenal N 411
-35.427001,-71.626314,Av. Circunvalacion Oriente N° 1055 
-35.423522,-71.646999,4 Norte N 541
-35.422595,-71.652535,4 Norte N° 1530
-35.428942,-71.653071,2 Sur N° 1659
-33.412977,-70.576665,Farmacia Cruz Verde
-39.275521,-71.975219,O´Higgins 400
-39.208847,-71.980087,Nuevo Titulo
-39.276052,-71.972429,Miguel Ansorena N° 121
-41.316078,-72.984906,Fresia 174
-41.3164,-72.984992,Av. L.B. O´Higgins 
-41.3169,-72.985185,San Francisco 400
-41.31719,-72.986194,Av. Del Salvador  Nº 417
-36.138845,-71.824543,Anibal Pinto N° 650
-36.139226,-71.824285,Anibal Pinto N° 598
-39.584524,-72.359116,NMartínez De Rosas Nº 690
-39.617326,-72.336937,Martinez De Rosas 894
-40.28902,-73.081497,Arturo Prat 298
-34.386159,-70.851863,San Martin 147
-36.622244,-72.945767,Manuel Montt 1077
-36.83821,-73.096851,Pedro Agirre Cerda N° 1055
-36.844787,-73.093353,El Venado N° 560 Loc. A3
-38.733983,-72.581437,Av. Balmaceda N° 350
-38.718198,-72.588833,Arturo Prat N° 269
-38.689798,-72.593742,Bilbao 496
-43.118998,-73.618013,22 De Mayo 343
-53.175229,-70.933038,Pedro Aguirre Cerda 283
-53.162687,-70.90967,Nogueira 1120
-53.163935,-70.908769,Errazuriz 799
-53.158455,-70.905357,Calle Carlos Bories  990
-53.15857,-70.905486,Bories 970
-53.158583,-70.9054,Bories 701
-39.813316,-73.245445,Camilo Henriquez 450
-53.158545,-70.905293,Bories 837
-53.016449,-70.833281,Base Aerea Chabunco
-53.143514,-70.891946,Av. Bulnes 01448
-53.157888,-70.904563,Av. Bories 683
-53.132561,-70.881313,Av Manuel Bulnes 01855
-52.879138,-70.86263,Aeropuerto Carlos I. Del Campo  
-41.317239,-72.985957,Del Salvador 400
-41.317771,-72.98364,Del Salvador 228
-39.813778,-73.245681,Av. Picarte  301
-41.480821,-72.975036,Volcan Hornopiren 1728
-39.809888,-73.25214,Las Encinas N° 111 Esq. Los Laureles
-41.471625,-72.943343,Urmeneta 580
-39.814107,-73.243428,Av. Picarte 449
-41.472282,-72.936575,Illapel 10
-41.47132,-72.94184,Guillermo Gallardo 140
-41.468168,-72.933193,Ejercito 470
-41.463409,-72.956174,Circunvalacion 232
-41.455079,-72.929441,Base Aerea El Tepual 2
-39.813942,-73.244072,Av. Picarte  404
-39.814503,-73.247419,Arauco 101
-41.455143,-72.929184,Base Aerea El Tepual
-41.46328,-72.951454,Av. Presidente Ibañez 716
-41.461511,-72.944287,Av. Pdte. Ibañez 173 
-41.473136,-72.986086,Av. La Cruz 2006
-37.802053,-72.693511,General Lagos 570
-37.801951,-72.693253,Calle Lagos 522
-41.460643,-72.914031,Av. Cuarta Terraza 5001
-37.756601,-72.715965,Confederacion Suiza N° 1108
-41.472493,-72.944759,Av. Chillan 117
-39.280022,-72.237299,Saturnino Epulef 1580
-41.461433,-72.912366,Av. 4A Terraza Esq. Michimavida 
-41.473088,-72.945767,Antonio Varas 763 
-41.472365,-72.944351,Antonio Varas 665
-39.279839,-72.231166,Pedro De Valdivia N° 701
-41.471979,-72.942377,Antonio Varas 549
-41.474664,-72.949501,Antonio Varas 991
-41.474181,-72.948428,Antonio Varas 952
-39.279607,-72.231466,Pedro De Valdivia N° 375
-41.472349,-72.943214,Antonio Varas 599
-41.472252,-72.94242,Antonio Varas 560 
-39.279607,-72.231294,Pedro De Valdivia 701
-41.472445,-72.94244,Antonio Varas 555
-39.279922,-72.225433,Camilo Henriquez N° 547
-39.279856,-72.225455,Camilo Henriquez N° 445
-36.800574,-73.084191,Potsdam N° 23
-45.406122,-72.699229,Sargento Aldea Esq. Arturo Prat
-34.984194,-71.240419,Yungay 619 - 621
-34.987623,-71.238552,Villota N° 355
-34.983315,-71.240934,Prat N° 428
-34.983368,-71.241642,Prat 500
-34.983509,-71.241642,Prat 499
-34.98096,-71.241921,Peña N° 898
-34.981628,-71.241835,Peña 856
-37.573971,-73.645706,Covadonga 267
-38.737934,-72.590493,Av. Manuel Montt N° 801
-38.742101,-72.60532,Av. Caupolicán N° 191
-38.736143,-72.588647,Av. Bulnes N° 298
-38.733549,-72.61371,Av. Alemania Nº 0815
-38.735423,-72.607487,Av. Alemania N° 425
-38.733013,-72.615405,Av. Alemania 0888
-38.734268,-72.611028,Alemania Nº 633 
-36.724761,-73.117101,Bilbao Con Valdivia
-36.799949,-73.07429,Av. Jorge Montt Base Naval
-40.572029,-73.157898,Victoria N° 380
-40.57268,-73.134423,Eleuterio Ramirez N° 935
-40.572746,-73.135196,Eleuterio Ramirez 903
-40.572778,-73.135367,Eleuterio Ramirez 884
-40.572909,-73.13305,Eleuterio Ramirez 1085
-40.572827,-73.133393,Eleuterio Ramírez 1000
-40.572697,-73.136848,E.Ramirez N° 799
-40.57268,-73.133415,Cochrane N 586
-34.984335,-71.244431,O´Higgins 670
-34.984933,-71.241556,Marced 487, Curicó
-34.985109,-71.227737,Carrera N° 682 Loc. 1 Al 3
-34.977637,-71.239882,Carmen Nº 1190 - 1196
-33.236695,-70.810643,Av. O´Higgins N° 201, Jumbo
-33.236713,-70.81075,Av. O´Higgins N° 201. Loc 40
-33.236713,-70.810901,Av. O´Higgins N° 201 Curico
-45.572191,-72.070402,Francisco Bilbao 326
-45.91581,-71.688744,Camino Internacional Balmaceda
-45.584266,-72.075036,Av. Ogana N° 1475
-45.578334,-72.073749,Av. Ogana 869
-45.572882,-72.071195,Arturo Prat N° 378
-45.573017,-72.071174,Arturo Prat 387
-45.572213,-72.070733,Arturo Prat 307
-37.085503,-73.156672,Manuel Montt N° 401
-37.085524,-73.156598,Manuel Montt 399
-35.331845,-72.410935,Freire N° 586
-35.332772,-72.41042,Freire 664-A
-36.824659,-73.040095,San Martin N° 1386
-36.828506,-73.048936,San Martín 661
-36.826325,-73.053056,Rengo N° 601
-36.789766,-73.059815,Ramon Carrasco N° 292-294
-36.827064,-73.040267,Plaza Peru N° 111-115 Loc.2 Y 3
-36.846006,-73.051661,Pedro De Valdivia 1009
-36.825896,-73.043207,Pedro Aguirre Cerda N° 1055, Loc.4 Y 5
-36.827527,-73.050416,O´Higgins N° 399
-36.826772,-73.047949,O´Higgins 801
-36.835411,-73.040954,Michimalonco 1300
-36.820554,-73.046049,Los Carreras Nº 1175
-36.825157,-73.050395,Calle Freire 707
-36.825861,-73.048893,Barros Arana N° 782.Loc 1
-36.82605,-73.049215,Barros Arana N 762 - 774
-36.826943,-73.051425,Barros Arana N° 600
-36.827098,-73.051468,Barros Arana N° 599
-36.827527,-73.052734,Barros Arana N° 472
-36.825518,-73.047927,Barros Arana 854
-36.826016,-73.048871,Barros Arana 779
-36.827459,-73.052369,Barros Arana 514
-36.821928,-73.036104,Av. Roosevelt N° 1702
-36.613013,-72.099863,Sargento Aldea 960
-36.615028,-72.107609,Pedro Aguirre Cerda N° 35
-36.595512,-72.107054,Longitudinal Norte N° 134
-36.608466,-72.092889,Francisco Ramirez Nº 1
-36.609086,-72.101708,El Roble 699
-36.60881,-72.083276,Av. Libertad 601
-36.599646,-72.100099,Av. Ecuador 599
-36.610137,-72.102116,5 De Abril N° 786, Loc. 2
-36.609637,-72.101966,5 De Abril N° 731
-36.60912,-72.101708,5 De Abril N° 701
-36.607036,-72.104348,18 De Septiembre N° 610
-35.967483,-72.317465,Victoria 520 Cauquenes
-42.482637,-73.763712,San Martin N° 303 Loc. B,C Y D,
-42.480928,-73.763734,San Martin 467
-42.481751,-73.765686,Gamboa 393
-42.482067,-73.763755,Av. San Martín 369
-41.769935,-73.127796,Aureliano Sanchez N° 98
-37.797916,-72.705677,Lautaro 20, Angol
-37.798238,-72.709003,Lautaro 302
-37.799781,-72.701794,Jose Luis Osorio 95
-37.79817,-72.707888,Chorrillos 402
-37.811242,-72.684137,Av. Bernardo O´Higgins N° 1744
-41.868906,-73.826369,Pudeto 301
-41.868986,-73.82727,Eleuterio Ramirez N° 268, Loc. 1,2,3
-41.869129,-73.826755,Eleuterio Ramirez 257
-41.867819,-73.825768,Colo Colo N° 318
-41.866972,-73.827463,Calle18 Esq.  Blanco Encalada
-33.414213,-70.546993,Supermercado Beckna